{"cameraMode":{"drawMode":0,"name":"Shaded","section":"Shading Mode"},"sceneLighting":true,"audioPlay":false,"sceneViewState":{"m_AlwaysRefresh":false,"showFog":true,"showSkybox":true,"showFlares":true,"showImageEffects":true,"showParticleSystems":true,"showVisualEffectGraphs":true,"m_FxEnabled":true},"in2DMode":false,"pivot":{"x":1.0078710317611695,"y":-4.604916572570801,"z":-24.189476013183595},"rotation":{"x":-0.002638472942635417,"y":-0.9931160807609558,"z":0.11521866172552109,"w":-0.022914394736289979},"size":16.233299255371095,"orthographic":false}